name	contribution	contribution.scaled	group	contribution.relative.1	pvalues
CD99	0.25272942946213567	0.7270422885548232	TET2	0.7	0.051154202723694794
CD45	0.020319237595031136	0.2566611804298081	TET2	0	0
CD99	0.1862524003302654	0.5950069866879983	Control	0.7	0.051154202723694794
CD45	0	0	Control	0	0
CD99	0.24233941652149255	0.7055091861244834	DNMT3A	0.8	0.001447671521865754
ADGRE5	0.04164522368102376	0.3146070220851119	DNMT3A	0	5.517005920410155e-4
CD99	0.1862524003302654	0.5950069866879983	Control	0.8	0.001447671521865754
ADGRE5	0	0	Control	0	5.517005920410155e-4
