MUTATION.GROUP	Clone	CD4+ T cells	CD8+ T cells	CD14+ Monocytes	NK cells	B cells	CD16+ Monocytes	Dendritic cells	Erythroid-like cells	Platelets
Control	Control	0.3892658852560148	0.2284784925130391	0.15565588020862542	0.13305479221580394	0.06864449554147271	0.00717850933767035	0.002551735741125007	0.006309236722561831	0.008860972463686837
DNMT3A	Mutant	0.07217073855658523	0.02611625947767481	0.7559674248806515	0.07666385846672283	0.036787419264251615	0.006739679865206402	0.005897219882055603	0.001965739960685201	0.017691659646166806
DNMT3A	Wildtype	0.31245174809749643	0.1997353038491232	0.21032314988419543	0.2006176243520459	0.04102790338590493	0.016764089555531048	0.00661740377192015	0.007389434211977501	0.005073342891805449
