MUTATION.GROUP	CD14 Monos	CD4+ T cells	CD8+ T cells	NK	B	CD16 Monos	Dendritic cells	Erythroid-like cells	Platelets
DNMT3A	0.2707681501819807	0.2782389374880276	0.20969286763297362	0.13712406615158673	0.06129876763935892	0.016761381776387203	0.0074388608645680355	0.0068641849179490455	0.011812783347168124
none	0.15565588020862542	0.3892658852560148	0.2284784925130391	0.13305479221580394	0.06864449554147271	0.00717850933767035	0.002551735741125007	0.006309236722561831	0.008860972463686837
TET2	0.3220039066988395	0.22704814431805126	0.2491095024704125	0.13142594507641042	0.04377800758359186	0.008755601516718373	0.005239572561185798	0.0060668734918993454	0.006572446282890957
